{"stats":{"minecraft:used":{"minecraft:birch_log":3,"minecraft:chest":1,"minecraft:birch_leaves":6},"minecraft:custom":{"minecraft:jump":20,"minecraft:open_chest":1,"minecraft:time_since_rest":9315,"minecraft:leave_game":1,"minecraft:sprint_one_cm":2118,"minecraft:play_time":9315,"minecraft:time_since_death":9315,"minecraft:walk_one_cm":1894,"minecraft:sneak_time":13,"minecraft:total_world_time":9315,"minecraft:drop":5,"minecraft:fly_one_cm":5706},"minecraft:dropped":{"minecraft:birch_log":3,"minecraft:birch_leaves":2}},"DataVersion":3463}