{"stats":{"minecraft:used":{"minecraft:stone_axe":1,"minecraft:dirt":1,"minecraft:crafting_table":2,"minecraft:birch_leaves":6,"minecraft:stone_pickaxe":3,"minecraft:birch_log":3,"minecraft:chest":1,"minecraft:wooden_pickaxe":8},"minecraft:dropped":{"minecraft:dirt":6,"minecraft:birch_leaves":2,"minecraft:birch_log":3},"minecraft:custom":{"minecraft:time_since_rest":17614,"minecraft:open_chest":1,"minecraft:sprint_one_cm":11885,"minecraft:play_time":17614,"minecraft:walk_one_cm":5054,"minecraft:sneak_time":69,"minecraft:drop":9,"minecraft:jump":85,"minecraft:leave_game":4,"minecraft:time_since_death":17614,"minecraft:total_world_time":17614,"minecraft:interact_with_crafting_table":2,"minecraft:fall_one_cm":1521,"minecraft:fly_one_cm":21107},"minecraft:crafted":{"minecraft:birch_planks":24,"minecraft:stone_axe":1,"minecraft:crafting_table":1,"minecraft:stick":8,"minecraft:stone_pickaxe":1,"minecraft:wooden_pickaxe":1,"minecraft:stone_sword":1},"minecraft:picked_up":{"minecraft:birch_log":6,"minecraft:crafting_table":1,"minecraft:dirt":7,"minecraft:cobblestone":11},"minecraft:mined":{"minecraft:grass_block":2,"minecraft:dirt":3,"minecraft:birch_log":6,"minecraft:stone":11,"minecraft:birch_leaves":2,"minecraft:crafting_table":1}},"DataVersion":3463}