{"stats":{"minecraft:used":{"minecraft:cooked_mutton":2,"minecraft:birch_leaves":6,"minecraft:stone_pickaxe":31,"minecraft:chest":1,"minecraft:wooden_pickaxe":8,"minecraft:stone_axe":10,"minecraft:dirt":1,"minecraft:crafting_table":2,"minecraft:birch_log":3},"minecraft:dropped":{"minecraft:dirt":6,"minecraft:birch_leaves":2,"minecraft:cobblestone":2,"minecraft:birch_log":3},"minecraft:custom":{"minecraft:time_since_rest":28702,"minecraft:sprint_one_cm":24722,"minecraft:damage_taken":255,"minecraft:walk_one_cm":10136,"minecraft:drop":11,"minecraft:damage_dealt":115,"minecraft:interact_with_crafting_table":2,"minecraft:fly_one_cm":25067,"minecraft:open_chest":1,"minecraft:crouch_one_cm":2189,"minecraft:play_time":28702,"minecraft:sneak_time":1672,"minecraft:walk_under_water_one_cm":7246,"minecraft:jump":129,"minecraft:time_since_death":28702,"minecraft:leave_game":5,"minecraft:walk_on_water_one_cm":5460,"minecraft:total_world_time":28702,"minecraft:fall_one_cm":2268},"minecraft:crafted":{"minecraft:crafting_table":1,"minecraft:stick":8,"minecraft:wooden_pickaxe":1,"minecraft:stone_pickaxe":1,"minecraft:stone_sword":1,"minecraft:birch_planks":24,"minecraft:stone_axe":1},"minecraft:picked_up":{"minecraft:birch_log":11,"minecraft:crafting_table":2,"minecraft:dirt":9,"minecraft:coal":13,"minecraft:cobblestone":24},"minecraft:mined":{"minecraft:birch_log":11,"minecraft:birch_leaves":2,"minecraft:crafting_table":2,"minecraft:grass_block":2,"minecraft:coal_ore":13,"minecraft:dirt":5,"minecraft:stone":25}},"DataVersion":3463}